firstname,surname,company,job title
Oliver,Jefferson,Quam Vel Corporation,IT Resident
Xenos,Snow,Tellus LLC,CTO
Emerson,Delgado,Sagittis Ltd,CFO
Ignatius,Henderson,Id Risus Quis Ltd, CTO
Abel,Burnett,Dui Cum Sociis Limited,CEO
Dustin,Daugherty,Pharetra Corp., IT Resident
Thaddeus,Macdonald,Magna Nam Ligula LLP, CTO
Guy,Chen,Dictum Eu LLP, IT Resident
Ulysses,Mcgowan,Aliquam Adipiscing Lacus Incorporated, CFO
Clinton,Ellis,Placerat Velit Limited, CTO
Dolan,Cohen,Sed LLP, IT Resident
Theodore,Ford,Montes Nascetur Ridiculus Limited, IT Resident
Carson,Sykes,Non Dapibus PC, IT Resident
Ulric,Mercer,Orci Lobortis Associates,CEO
Jackson,Dotson,Eget Tincidunt Dui Corporation,CEO
Elliott,Rojas,Nec Metus Facilisis PC, CFO
Judah,Salinas,Orci Foundation, CTO
Ryan,Potter,Dignissim Consulting,CEO
Barry,Shannon,Augue Corporation, CFO
Clarke,Davidson,Purus Corporation, CFO
Rahim,Nunez,Est Company, CFO
Orson,Watkins,A Purus Institute, CTO
Jackson,Lambert,Vel Faucibus Foundation, CFO
Oliver,Sims,Vivamus Nibh Consulting, CTO
Noble,Ortiz,Sit Corporation,CEO
Thor,Pacheco,Semper Et Inc.,CEO
Ivan,Gilliam,Elit Fermentum Inc., IT Resident
Aladdin,Forbes,Nulla Aliquet Incorporated, IT Resident
Jeremy,Cooley,Mauris Vel Turpis Inc., CFO
Cadman,Shepherd,Nunc Laoreet Lectus Ltd, CFO
Mark,Howe,Adipiscing Elit Corp., CFO
